Name,Status
Kernesti,Osui
Ernesti,Osui
Kernesti,Osui
Ernesti,Osui
Kernesti,Osui
Ernesti,Osui
Kernesti,Osui
Kernesti,Osui
Kernesti,Osui
Kernesti,Osui
Kernesti,Osui
Kernesti,Osui
Ernesti,Osui
Ernesti,Osui
Kernesti,Osui
Ernesti,Osui
Kernesti,Osui
Ernesti,Osui
Ernesti,Osui
Kernesti,Osui
Kernesti,Osui
Kernesti,Osui
Kernesti,Osui
Kernesti,Osui
Kernesti,Osui
Kernesti,Osui
Kernesti,Osui
Kernesti,Osui
Kernesti,Osui
Kernesti,Osui
Ernesti,Osui
Kernesti,Osui
Ernesti,Osui
Kernesti,Osui
Ernesti,Osui
Ernesti,Osui
Ernesti,Osui
Ernesti,Osui
Ernesti,Osui
Ernesti,Osui
Ernesti,Osui
Ernesti,Osui
Ernesti,Osui
Ernesti,Osui
Ernesti,Osui
Ernesti,Osui
Ernesti,Osui
Kernesti,Osui
Kernesti,Osui
Ernesti,Osui
Ernesti,Osui
Kernesti,Osui
Ernesti,Osui
Ernesti,Osui
